,week,n_1,n_2,n_3,top n_1,top n_2,top n_3
0,1,"[{'ngram': 'fm', 'count': 1}, {'ngram': 'helpful', 'count': 1}, {'ngram': 'mike', 'count': 1}, {'ngram': 'results', 'count': 1}, {'ngram': 'test', 'count': 1}, {'ngram': 'thanks', 'count': 1}, {'ngram': 'today', 'count': 1}]","[{'ngram': 'fm test', 'count': 1}, {'ngram': 'mike helpful', 'count': 1}, {'ngram': 'results fm', 'count': 1}, {'ngram': 'test today', 'count': 1}, {'ngram': 'thanks mike', 'count': 1}]","[{'ngram': 'fm test today', 'count': 1}, {'ngram': 'results fm test', 'count': 1}, {'ngram': 'thanks mike helpful', 'count': 1}]","[('fm', 1), ('helpful', 1), ('mike', 1), ('results', 1), ('test', 1), ('thanks', 1), ('today', 1)]","[('fm test', 1), ('mike helpful', 1), ('results fm', 1), ('test today', 1), ('thanks mike', 1)]","[('fm test today', 1), ('results fm test', 1), ('thanks mike helpful', 1)]"
1,4,"[{'ngram': '20', 'count': 2}, {'ngram': 'good', 'count': 2}, {'ngram': 'issue', 'count': 2}, {'ngram': 'it', 'count': 2}, {'ngram': 'packages', 'count': 2}, {'ngram': 'test', 'count': 2}, {'ngram': 'travis', 'count': 2}, {'ngram': 'type', 'count': 2}, {'ngram': 'ai', 'count': 1}, {'ngram': 'already', 'count': 1}]","[{'ngram': '20 count', 'count': 1}, {'ngram': '20 packs', 'count': 1}, {'ngram': 'ai slack', 'count': 1}, {'ngram': 'already fix', 'count': 1}, {'ngram': 'amount type', 'count': 1}, {'ngram': 'apply rest', 'count': 1}, {'ngram': 'archives c04hf6qkd1s', 'count': 1}, {'ngram': 'behind lowering', 'count': 1}, {'ngram': 'box main', 'count': 1}, {'ngram': 'c04hf6qkd1s p1672785883111049', 'count': 1}]","[{'ngram': '20 count pepperoni', 'count': 1}, {'ngram': '20 packs happening', 'count': 1}, {'ngram': 'ai slack com', 'count': 1}, {'ngram': 'already fix issue', 'count': 1}, {'ngram': 'amount type cases', 'count': 1}, {'ngram': 'apply rest products', 'count': 1}, {'ngram': 'archives c04hf6qkd1s p1672785883111049', 'count': 1}, {'ngram': 'behind lowering cc', 'count': 1}, {'ngram': 'box main reason', 'count': 1}, {'ngram': 'c04hf6qkd1s p1672785883111049 this', 'count': 1}]","[('20', 2), ('good', 2), ('issue', 2), ('it', 2), ('packages', 2), ('test', 2), ('travis', 2), ('type', 2)]","[('20 count', 1), ('20 packs', 1), ('ai slack', 1), ('already fix', 1), ('amount type', 1), ('apply rest', 1), ('archives c04hf6qkd1s', 1), ('behind lowering', 1), ('box main', 1), ('c04hf6qkd1s p1672785883111049', 1)]","[('20 count pepperoni', 1), ('20 packs happening', 1), ('ai slack com', 1), ('already fix issue', 1), ('amount type cases', 1), ('apply rest products', 1), ('archives c04hf6qkd1s p1672785883111049', 1), ('behind lowering cc', 1), ('box main reason', 1), ('c04hf6qkd1s p1672785883111049 this', 1)]"
2,6,"[{'ngram': 'fans', 'count': 47}, {'ngram': 'config', 'count': 41}, {'ngram': 'need', 'count': 33}, {'ngram': 'belt', 'count': 32}, {'ngram': 'yes', 'count': 31}, {'ngram': 'change', 'count': 30}, {'ngram': 'speed', 'count': 29}, {'ngram': 'c8', 'count': 25}, {'ngram': 'deployment', 'count': 24}, {'ngram': '100', 'count': 22}]","[{'ngram': 'belt speed', 'count': 21}, {'ngram': '445 445', 'count': 16}, {'ngram': '100 100', 'count': 11}, {'ngram': 'old config', 'count': 8}, {'ngram': 'config folder', 'count': 7}, {'ngram': 'looks like', 'count': 7}, {'ngram': 'belt speeds', 'count': 6}, {'ngram': '100 445', 'count': 4}, {'ngram': 'backdoor fans', 'count': 4}, {'ngram': 'box filter', 'count': 4}]","[{'ngram': '445 445 445', 'count': 12}, {'ngram': '100 100 100', 'count': 6}, {'ngram': '100 100 445', 'count': 4}, {'ngram': '100 445 445', 'count': 4}, {'ngram': 'belt speed ui', 'count': 3}, {'ngram': 'need restart ui', 'count': 3}, {'ngram': '12 ct selected', 'count': 2}, {'ngram': 'back old config', 'count': 2}, {'ngram': 'belt speed 30', 'count': 2}, {'ngram': 'change belt speed', 'count': 2}]","[('fans', 47)]","[('belt speed', 21)]","[('445 445 445', 12)]"
3,16,"[{'ngram': 'freezer', 'count': 3}, {'ngram': 'nestle', 'count': 3}, {'ngram': 'selene', 'count': 3}, {'ngram': 'space', 'count': 3}, {'ngram': '660', 'count': 2}, {'ngram': 'testing', 'count': 2}, {'ngram': 'time', 'count': 2}, {'ngram': '40', 'count': 1}, {'ngram': '_you_', 'count': 1}, {'ngram': 'additional', 'count': 1}]","[{'ngram': 'freezer space', 'count': 2}, {'ngram': '40 value', 'count': 1}, {'ngram': '660 solutions', 'count': 1}, {'ngram': '660 testing', 'count': 1}, {'ngram': '_you_ decide', 'count': 1}, {'ngram': 'additional freezer', 'count': 1}, {'ngram': 'advise additional', 'count': 1}, {'ngram': 'allocate space', 'count': 1}, {'ngram': 'at time', 'count': 1}, {'ngram': 'available needed', 'count': 1}]","[{'ngram': '40 value packs', 'count': 1}, {'ngram': '660 solutions at', 'count': 1}, {'ngram': '660 testing done', 'count': 1}, {'ngram': '_you_ decide allocate', 'count': 1}, {'ngram': 'additional freezer space', 'count': 1}, {'ngram': 'advise additional freezer', 'count': 1}, {'ngram': 'allocate space lw', 'count': 1}, {'ngram': 'at time 660', 'count': 1}, {'ngram': 'available needed _you_', 'count': 1}, {'ngram': 'bought 660 solutions', 'count': 1}]","[('freezer', 3), ('nestle', 3), ('selene', 3), ('space', 3)]","[('freezer space', 2)]","[('40 value packs', 1), ('660 solutions at', 1), ('660 testing done', 1), ('_you_ decide allocate', 1), ('additional freezer space', 1), ('advise additional freezer', 1), ('allocate space lw', 1), ('at time 660', 1), ('available needed _you_', 1), ('bought 660 solutions', 1)]"
4,20,"[{'ngram': 'per', 'count': 11}, {'ngram': 'fm', 'count': 10}, {'ngram': 'need', 'count': 10}, {'ngram': '12', 'count': 8}, {'ngram': 'case', 'count': 7}, {'ngram': 'hp', 'count': 7}, {'ngram': 'product', 'count': 7}, {'ngram': '20', 'count': 6}, {'ngram': 'cheese', 'count': 6}, {'ngram': 'ct', 'count': 6}]","[{'ngram': 'per case', 'count': 7}, {'ngram': 'ct per', 'count': 6}, {'ngram': 'hot pockets', 'count': 6}, {'ngram': '12 ct', 'count': 4}, {'ngram': 'cheese potatoes', 'count': 3}, {'ngram': 'pack varieties', 'count': 3}, {'ngram': 'per box', 'count': 3}, {'ngram': '10 flavors', 'count': 2}, {'ngram': '17 20', 'count': 2}, {'ngram': 'com products', 'count': 2}]","[{'ngram': 'ct per case', 'count': 6}, {'ngram': '12 ct per', 'count': 4}, {'ngram': 'com products detectomer', 'count': 2}, {'ngram': 'detectablex ray inspectable', 'count': 2}, {'ngram': 'detectomer metal detectablex', 'count': 2}, {'ngram': 'docs google com', 'count': 2}, {'ngram': 'fm hot pockets', 'count': 2}, {'ngram': 'hp pepperoni pizza', 'count': 2}, {'ngram': 'https docs google', 'count': 2}, {'ngram': 'https rubberfab com', 'count': 2}]","[('per', 11)]","[('per case', 7)]","[('ct per case', 6)]"
5,21,"[{'ngram': 'min', 'count': 7}, {'ngram': 'one', 'count': 5}, {'ngram': 'we', 'count': 5}, {'ngram': '75ft', 'count': 4}, {'ngram': 'fm', 'count': 4}, {'ngram': 'nestle', 'count': 4}, {'ngram': 'test', 'count': 4}, {'ngram': 'uhmw', 'count': 4}, {'ngram': '20', 'count': 3}, {'ngram': '75', 'count': 3}]","[{'ngram': '75ft min', 'count': 4}, {'ngram': 'we re', 'count': 3}, {'ngram': '175ft min', 'count': 2}, {'ngram': 'belt speed', 'count': 2}, {'ngram': 'gasket sample', 'count': 2}, {'ngram': 'pick one', 'count': 2}, {'ngram': '10 30', 'count': 1}, {'ngram': '10 fm', 'count': 1}, {'ngram': '12 pack', 'count': 1}, {'ngram': '15 https', 'count': 1}]","[{'ngram': '10 30 today', 'count': 1}, {'ngram': '10 fm nestle', 'count': 1}, {'ngram': '12 pack 17', 'count': 1}, {'ngram': '15 https docs', 'count': 1}, {'ngram': '17 u02lj4xkc56 u01t92wgmj4', 'count': 1}, {'ngram': '175 needed validate', 'count': 1}, {'ngram': '175 normally running', 'count': 1}, {'ngram': '175ft min dubious', 'count': 1}, {'ngram': '175ft min thx', 'count': 1}, {'ngram': '1dandx1l0dhk4xdcdtpgqb6ervmr1upq5 edit slide', 'count': 1}]","[('min', 7)]","[('75ft min', 4)]","[('10 30 today', 1), ('10 fm nestle', 1), ('12 pack 17', 1), ('15 https docs', 1), ('17 u02lj4xkc56 u01t92wgmj4', 1), ('175 needed validate', 1), ('175 normally running', 1), ('175ft min dubious', 1), ('175ft min thx', 1), ('1dandx1l0dhk4xdcdtpgqb6ervmr1upq5 edit slide', 1)]"
6,22,"[{'ngram': '14', 'count': 2}, {'ngram': 'attached', 'count': 1}, {'ngram': 'call', 'count': 1}, {'ngram': 'day', 'count': 1}, {'ngram': 'demo', 'count': 1}, {'ngram': 'nestle', 'count': 1}, {'ngram': 'site', 'count': 1}, {'ngram': 'suggest', 'count': 1}, {'ngram': 'summary', 'count': 1}, {'ngram': 'thanks', 'count': 1}]","[{'ngram': 'attached site', 'count': 1}, {'ngram': 'call tomorrow', 'count': 1}, {'ngram': 'day nestle', 'count': 1}, {'ngram': 'nestle demo', 'count': 1}, {'ngram': 'site visit', 'count': 1}, {'ngram': 'suggest call', 'count': 1}, {'ngram': 'summary attached', 'count': 1}, {'ngram': 'today suggest', 'count': 1}, {'ngram': 'visit today', 'count': 1}]","[{'ngram': 'attached site visit', 'count': 1}, {'ngram': 'day nestle demo', 'count': 1}, {'ngram': 'site visit today', 'count': 1}, {'ngram': 'suggest call tomorrow', 'count': 1}, {'ngram': 'summary attached site', 'count': 1}, {'ngram': 'today suggest call', 'count': 1}, {'ngram': 'visit today suggest', 'count': 1}]","[('14', 2)]","[('attached site', 1), ('call tomorrow', 1), ('day nestle', 1), ('nestle demo', 1), ('site visit', 1), ('suggest call', 1), ('summary attached', 1), ('today suggest', 1), ('visit today', 1)]","[('attached site visit', 1), ('day nestle demo', 1), ('site visit today', 1), ('suggest call tomorrow', 1), ('summary attached site', 1), ('today suggest call', 1), ('visit today suggest', 1)]"
7,23,"[{'ngram': 'pack', 'count': 24}, {'ngram': '250', 'count': 20}, {'ngram': 'pepperoni', 'count': 15}, {'ngram': '12', 'count': 14}, {'ngram': '20', 'count': 14}, {'ngram': '0mm', 'count': 10}, {'ngram': '5mm', 'count': 10}, {'ngram': 'meatball', 'count': 9}, {'ngram': 'nestle', 'count': 8}, {'ngram': 'customer', 'count': 7}]","[{'ngram': 'pack pepperoni', 'count': 15}, {'ngram': '12 pack', 'count': 14}, {'ngram': '250 12', 'count': 12}, {'ngram': '0mm 250', 'count': 10}, {'ngram': '20 pack', 'count': 10}, {'ngram': '5mm 250', 'count': 10}, {'ngram': 'pack meatball', 'count': 9}, {'ngram': '250 20', 'count': 7}, {'ngram': 'machines loop', 'count': 4}, {'ngram': 'aluminum 5mm', 'count': 3}]","[{'ngram': '250 12 pack', 'count': 12}, {'ngram': '20 pack pepperoni', 'count': 10}, {'ngram': '12 pack meatball', 'count': 9}, {'ngram': '250 20 pack', 'count': 7}, {'ngram': '5mm 250 12', 'count': 7}, {'ngram': '0mm 250 12', 'count': 5}, {'ngram': '12 pack pepperoni', 'count': 5}, {'ngram': '0mm 250 20', 'count': 4}, {'ngram': '5mm 250 20', 'count': 3}, {'ngram': 'aluminum 5mm 250', 'count': 3}]","[('pack', 24)]","[('pack pepperoni', 15)]","[('250 12 pack', 12)]"
8,24,"[{'ngram': 'c10', 'count': 5}, {'ngram': 'c9', 'count': 4}, {'ngram': '500', 'count': 3}, {'ngram': 'product', 'count': 3}, {'ngram': '100', 'count': 2}, {'ngram': 'best', 'count': 2}, {'ngram': 'fm', 'count': 2}, {'ngram': 'nestle', 'count': 2}, {'ngram': 'ready', 'count': 2}, {'ngram': 'right', 'count': 2}]","[{'ngram': 'c9 c10', 'count': 3}, {'ngram': '100 500', 'count': 1}, {'ngram': '100 fail', 'count': 1}, {'ngram': '12 pack', 'count': 1}, {'ngram': '30pm monday', 'count': 1}, {'ngram': '500 100', 'count': 1}, {'ngram': '500 alternating', 'count': 1}, {'ngram': '500 frr', 'count': 1}, {'ngram': 'alternating good', 'count': 1}, {'ngram': 'anyone using', 'count': 1}]","[{'ngram': '100 500 100', 'count': 1}, {'ngram': '100 fail 500', 'count': 1}, {'ngram': '12 pack cheese', 'count': 1}, {'ngram': '500 100 fail', 'count': 1}, {'ngram': '500 alternating good', 'count': 1}, {'ngram': '500 frr 100', 'count': 1}, {'ngram': 'alternating good bad', 'count': 1}, {'ngram': 'anyone using c9', 'count': 1}, {'ngram': 'application review forms', 'count': 1}, {'ngram': 'apply settings sorry', 'count': 1}]","[('c10', 5)]","[('c9 c10', 3)]","[('100 500 100', 1), ('100 fail 500', 1), ('12 pack cheese', 1), ('500 100 fail', 1), ('500 alternating good', 1), ('500 frr 100', 1), ('alternating good bad', 1), ('anyone using c9', 1), ('application review forms', 1), ('apply settings sorry', 1)]"
9,25,"[{'ngram': 'cloud', 'count': 11}, {'ngram': '12', 'count': 7}, {'ngram': 'nestle', 'count': 7}, {'ngram': 'test', 'count': 7}, {'ngram': 'thanks', 'count': 7}, {'ngram': 'c10', 'count': 6}, {'ngram': 'c9', 'count': 6}, {'ngram': 'ct', 'count': 6}, {'ngram': 'get', 'count': 6}, {'ngram': 'hp', 'count': 6}]","[{'ngram': '12 ct', 'count': 5}, {'ngram': 'amp c10', 'count': 3}, {'ngram': 'c9 amp', 'count': 3}, {'ngram': 'pizza 12', 'count': 3}, {'ngram': 'product codes', 'count': 3}, {'ngram': '140 ft', 'count': 2}, {'ngram': 'c9 c10', 'count': 2}, {'ngram': 'calibration files', 'count': 2}, {'ngram': 'cascading test', 'count': 2}, {'ngram': 'changed false', 'count': 2}]","[{'ngram': 'c9 amp c10', 'count': 3}, {'ngram': 'pizza 12 ct', 'count': 3}, {'ngram': '140 ft min', 'count': 2}, {'ngram': 'config process_params json', 'count': 2}, {'ngram': 'hp pepperoni pizza', 'count': 2}, {'ngram': 'pepperoni pizza 12', 'count': 2}, {'ngram': 'true changed false', 'count': 2}, {'ngram': '10 30 pst', 'count': 1}, {'ngram': '1000 changed save_highres_rejects', 'count': 1}, {'ngram': '11007858 hp pepperoni', 'count': 1}]","[('cloud', 11)]","[('12 ct', 5)]","[('c9 amp c10', 3), ('pizza 12 ct', 3)]"
10,26,"[{'ngram': '07', 'count': 7}, {'ngram': 'production', 'count': 7}, {'ngram': 'packs', 'count': 4}, {'ngram': 'weeks', 'count': 4}, {'ngram': '20', 'count': 3}, {'ngram': 'july', 'count': 3}, {'ngram': 'nestle', 'count': 3}, {'ngram': 'network', 'count': 3}, {'ngram': 'product', 'count': 3}, {'ngram': 'starting', 'count': 3}]","[{'ngram': '30 packs', 'count': 2}, {'ngram': 'begins roughly', 'count': 2}, {'ngram': 'network connectivity', 'count': 2}, {'ngram': 'packs begins', 'count': 2}, {'ngram': 'roughly weeks', 'count': 2}, {'ngram': 'ship separately', 'count': 2}, {'ngram': '00 14', 'count': 1}, {'ngram': '00 thursday', 'count': 1}, {'ngram': '02 07', 'count': 1}, {'ngram': '03 units', 'count': 1}]","[{'ngram': 'begins roughly weeks', 'count': 2}, {'ngram': 'packs begins roughly', 'count': 2}, {'ngram': '00 14 00', 'count': 1}, {'ngram': '00 thursday spending', 'count': 1}, {'ngram': '02 07 03', 'count': 1}, {'ngram': '03 units uncrated', 'count': 1}, {'ngram': '04 05 attempt', 'count': 1}, {'ngram': '04 production 30', 'count': 1}, {'ngram': '05 attempt network', 'count': 1}, {'ngram': '06 complete training', 'count': 1}]","[('07', 7), ('production', 7)]","[('30 packs', 2), ('begins roughly', 2), ('network connectivity', 2), ('packs begins', 2), ('roughly weeks', 2), ('ship separately', 2)]","[('begins roughly weeks', 2), ('packs begins roughly', 2)]"
11,27,"[{'ngram': 'need', 'count': 34}, {'ngram': 'c9', 'count': 28}, {'ngram': 'calibration', 'count': 24}, {'ngram': 'ui', 'count': 24}, {'ngram': 'power', 'count': 21}, {'ngram': 'work', 'count': 16}, {'ngram': 'back', 'count': 15}, {'ngram': 'c10', 'count': 15}, {'ngram': 'machines', 'count': 15}, {'ngram': 'tube', 'count': 15}]","[{'ngram': 'calibration file', 'count': 10}, {'ngram': 'calibration files', 'count': 9}, {'ngram': 'curtain material', 'count': 5}, {'ngram': '50kv 2ma', 'count': 4}, {'ngram': '70kv 5ma', 'count': 4}, {'ngram': 'c9 c10', 'count': 4}, {'ngram': 'fm crashed', 'count': 4}, {'ngram': '20 pack', 'count': 3}, {'ngram': 'c9 arc', 'count': 3}, {'ngram': 'currently running', 'count': 3}]","[{'ngram': '600mbps adapter wireless', 'count': 2}, {'ngram': 'adapter wireless wna016', 'count': 2}, {'ngram': 'amazon com brostrend', 'count': 2}, {'ngram': 'brostrend 600mbps adapter', 'count': 2}, {'ngram': 'c10 currently running', 'count': 2}, {'ngram': 'com brostrend 600mbps', 'count': 2}, {'ngram': 'currently running imaging', 'count': 2}, {'ngram': 'curtain material patch', 'count': 2}, {'ngram': 'dp b0118spfck ref', 'count': 2}, {'ngram': 'https www amazon', 'count': 2}]","[('need', 34)]","[('calibration file', 10)]","[('600mbps adapter wireless', 2), ('adapter wireless wna016', 2), ('amazon com brostrend', 2), ('brostrend 600mbps adapter', 2), ('c10 currently running', 2), ('com brostrend 600mbps', 2), ('currently running imaging', 2), ('curtain material patch', 2), ('dp b0118spfck ref', 2), ('https www amazon', 2)]"
12,28,"[{'ngram': 'rays', 'count': 11}, {'ngram': 'c10', 'count': 9}, {'ngram': 'c9', 'count': 7}, {'ngram': 'customer', 'count': 7}, {'ngram': 'nestle', 'count': 7}, {'ngram': 'night', 'count': 7}, {'ngram': 'conveyor', 'count': 6}, {'ngram': 'jamming', 'count': 6}, {'ngram': 'machine', 'count': 6}, {'ngram': 'thanks', 'count': 6}]","[{'ngram': 'c9 c10', 'count': 7}, {'ngram': 'c10 currently', 'count': 4}, {'ngram': 'currently imagining', 'count': 4}, {'ngram': 'customer conveyor', 'count': 3}, {'ngram': 'thanks blue', 'count': 3}, {'ngram': '10 15', 'count': 2}, {'ngram': '15 minutes', 'count': 2}, {'ngram': '70 kv', 'count': 2}, {'ngram': 'back door', 'count': 2}, {'ngram': 'c10 ran', 'count': 2}]","[{'ngram': 'c10 currently imagining', 'count': 4}, {'ngram': 'c9 c10 currently', 'count': 4}, {'ngram': '10 15 minutes', 'count': 2}, {'ngram': 'c9 c10 ran', 'count': 2}, {'ngram': 'jamming issues customer', 'count': 2}, {'ngram': '10 am rest', 'count': 1}, {'ngram': '10 hours last', 'count': 1}, {'ngram': '15 minutes got', 'count': 1}, {'ngram': '15 minutes started', 'count': 1}, {'ngram': '19kl3gi4htlxho25kpeyra1vomyexo_rax_zt8vnfnli edit usp', 'count': 1}]","[('rays', 11)]","[('c9 c10', 7)]","[('c10 currently imagining', 4), ('c9 c10 currently', 4)]"
13,29,"[{'ngram': 'nestle', 'count': 7}, {'ngram': 'get', 'count': 5}, {'ngram': 'thanks', 'count': 5}, {'ngram': 'yes', 'count': 5}, {'ngram': 'brackets', 'count': 4}, {'ngram': 'change', 'count': 4}, {'ngram': 'images', 'count': 4}, {'ngram': 'james', 'count': 4}, {'ngram': 'know', 'count': 4}, {'ngram': 'network', 'count': 4}]","[{'ngram': 'count product', 'count': 3}, {'ngram': 'james van', 'count': 3}, {'ngram': 'van etten', 'count': 3}, {'ngram': '12 count', 'count': 2}, {'ngram': 'calibration files', 'count': 2}, {'ngram': 'cloud endpoints', 'count': 2}, {'ngram': 'ethernet passthroughs', 'count': 2}, {'ngram': 'great thanks', 'count': 2}, {'ngram': 'internet connection', 'count': 2}, {'ngram': 'need be', 'count': 2}]","[{'ngram': 'james van etten', 'count': 3}, {'ngram': '12 count product', 'count': 2}, {'ngram': '12 packs since', 'count': 1}, {'ngram': '150 oak grove', 'count': 1}, {'ngram': '1mqngkmtudqfzz3c5zdiry0sh0ygq6e rmmn qn_0g', 'count': 1}, {'ngram': '1zy731v04486392614 ups tracking', 'count': 1}, {'ngram': '20 count product', 'count': 1}, {'ngram': '3rd party possibly', 'count': 1}, {'ngram': '40353 james van', 'count': 1}, {'ngram': 'able so confirmed', 'count': 1}]","[('nestle', 7)]","[('count product', 3), ('james van', 3), ('van etten', 3)]","[('james van etten', 3)]"
14,30,"[{'ngram': 'nestle', 'count': 7}, {'ngram': 'changes', 'count': 3}, {'ngram': 'firewall', 'count': 3}, {'ngram': 'james', 'count': 3}, {'ngram': 'change', 'count': 2}, {'ngram': 'connectivity', 'count': 2}, {'ngram': 'done', 'count': 2}, {'ngram': 'etten', 'count': 2}, {'ngram': 'fine', 'count': 2}, {'ngram': 'get', 'count': 2}]","[{'ngram': 'changes done', 'count': 2}, {'ngram': 'james van', 'count': 2}, {'ngram': 'routing firewall', 'count': 2}, {'ngram': 'second shift', 'count': 2}, {'ngram': 'van etten', 'count': 2}, {'ngram': '3hour troubleshooting', 'count': 1}, {'ngram': '3pm afternoon', 'count': 1}, {'ngram': '3rd party', 'count': 1}, {'ngram': 'accordingly looking', 'count': 1}, {'ngram': 'activity u01bqnyh49x', 'count': 1}]","[{'ngram': 'james van etten', 'count': 2}, {'ngram': '3hour troubleshooting session', 'count': 1}, {'ngram': '3pm afternoon working', 'count': 1}, {'ngram': '3rd party change', 'count': 1}, {'ngram': 'accordingly looking roughly', 'count': 1}, {'ngram': 'activity u01bqnyh49x lets', 'count': 1}, {'ngram': 'adam nestle deciding', 'count': 1}, {'ngram': 'adjust machine configuration', 'count': 1}, {'ngram': 'afternoon working second', 'count': 1}, {'ngram': 'akshay u022shnbaq2 u02lj4xkc56', 'count': 1}]","[('nestle', 7)]","[('changes done', 2), ('james van', 2), ('routing firewall', 2), ('second shift', 2), ('van etten', 2)]","[('james van etten', 2)]"
15,31,"[{'ngram': 'nestle', 'count': 6}, {'ngram': 'changes', 'count': 5}, {'ngram': 'c10', 'count': 4}, {'ngram': 'll', 'count': 4}, {'ngram': 'lubo', 'count': 4}, {'ngram': 'option', 'count': 4}, {'ngram': 'firewall', 'count': 3}, {'ngram': 'machine', 'count': 3}, {'ngram': 'side', 'count': 3}, {'ngram': 'traffic', 'count': 3}]","[{'ngram': 'machine side', 'count': 2}, {'ngram': '10 pm', 'count': 1}, {'ngram': '12 packs', 'count': 1}, {'ngram': '13 august', 'count': 1}, {'ngram': '30 packs', 'count': 1}, {'ngram': 'addresses resolved', 'count': 1}, {'ngram': 'agreement option', 'count': 1}, {'ngram': 'akshay confirmed', 'count': 1}, {'ngram': 'akshay followed', 'count': 1}, {'ngram': 'allow traffic', 'count': 1}]","[{'ngram': '10 pm monday', 'count': 1}, {'ngram': '13 august switch', 'count': 1}, {'ngram': '30 packs not', 'count': 1}, {'ngram': 'addresses resolved traffic', 'count': 1}, {'ngram': 'akshay confirmed they', 'count': 1}, {'ngram': 'akshay followed still', 'count': 1}, {'ngram': 'allow traffic us', 'count': 1}, {'ngram': 'august switch back', 'count': 1}, {'ngram': 'available tomorrow ll', 'count': 1}, {'ngram': 'back 12 packs', 'count': 1}]","[('nestle', 6)]","[('machine side', 2)]","[('10 pm monday', 1), ('13 august switch', 1), ('30 packs not', 1), ('addresses resolved traffic', 1), ('akshay confirmed they', 1), ('akshay followed still', 1), ('allow traffic us', 1), ('august switch back', 1), ('available tomorrow ll', 1), ('back 12 packs', 1)]"
16,32,"[{'ngram': '30', 'count': 18}, {'ngram': 'c9', 'count': 17}, {'ngram': 'product', 'count': 17}, {'ngram': 'c8', 'count': 16}, {'ngram': 'machines', 'count': 12}, {'ngram': 'nestle', 'count': 12}, {'ngram': 'machine', 'count': 11}, {'ngram': 'unit', 'count': 11}, {'ngram': 'calibration', 'count': 10}, {'ngram': 'll', 'count': 10}]","[{'ngram': 'we ll', 'count': 6}, {'ngram': 'calibration files', 'count': 5}, {'ngram': 'slider bars', 'count': 5}, {'ngram': 'ssl vpn', 'count': 5}, {'ngram': '30 30', 'count': 4}, {'ngram': 'calibration file', 'count': 4}, {'ngram': 'product presentation', 'count': 4}, {'ngram': 'boxing machine', 'count': 3}, {'ngram': 'c8 southern', 'count': 3}, {'ngram': 'c9 northern', 'count': 3}]","[{'ngram': '0mm 30 porcelain', 'count': 2}, {'ngram': '2mm 30 30', 'count': 2}, {'ngram': '30 30 aluminum', 'count': 2}, {'ngram': '30 30 quartz', 'count': 2}, {'ngram': '30 aluminum 5mm', 'count': 2}, {'ngram': '30 ceramic stone', 'count': 2}, {'ngram': '30 porcelain bone', 'count': 2}, {'ngram': '30 quartz 0mm', 'count': 2}, {'ngram': '30 soda lime', 'count': 2}, {'ngram': '316 2mm 30', 'count': 2}]","[('30', 18)]","[('we ll', 6)]","[('0mm 30 porcelain', 2), ('2mm 30 30', 2), ('30 30 aluminum', 2), ('30 30 quartz', 2), ('30 aluminum 5mm', 2), ('30 ceramic stone', 2), ('30 porcelain bone', 2), ('30 quartz 0mm', 2), ('30 soda lime', 2), ('316 2mm 30', 2)]"
17,33,"[{'ngram': 'images', 'count': 6}, {'ngram': 'thanks', 'count': 5}, {'ngram': 'c9', 'count': 4}, {'ngram': 'connection', 'count': 4}, {'ngram': 'issues', 'count': 4}, {'ngram': 'it', 'count': 4}, {'ngram': 'timeout', 'count': 4}, {'ngram': 'vnc', 'count': 4}, {'ngram': 'able', 'count': 3}, {'ngram': 'c10', 'count': 3}]","[{'ngram': '12 pack', 'count': 1}, {'ngram': '14 tips', 'count': 1}, {'ngram': '15mins it', 'count': 1}, {'ngram': '1min connection', 'count': 1}, {'ngram': '25 8k', 'count': 1}, {'ngram': '5minutes example', 'count': 1}, {'ngram': '8k manually', 'count': 1}, {'ngram': 'able explain', 'count': 1}, {'ngram': 'able override', 'count': 1}, {'ngram': 'able prove', 'count': 1}]","[{'ngram': '12 pack pepperoni', 'count': 1}, {'ngram': '14 tips guide', 'count': 1}, {'ngram': '15mins it probably', 'count': 1}, {'ngram': '1min connection timeout', 'count': 1}, {'ngram': '25 8k manually', 'count': 1}, {'ngram': '5minutes example nice', 'count': 1}, {'ngram': '8k manually reprocessed', 'count': 1}, {'ngram': 'able override default', 'count': 1}, {'ngram': 'able prove hypothesis', 'count': 1}, {'ngram': 'advance notice possible', 'count': 1}]","[('images', 6)]","[('12 pack', 1), ('14 tips', 1), ('15mins it', 1), ('1min connection', 1), ('25 8k', 1), ('5minutes example', 1), ('8k manually', 1), ('able explain', 1), ('able override', 1), ('able prove', 1)]","[('12 pack pepperoni', 1), ('14 tips guide', 1), ('15mins it probably', 1), ('1min connection timeout', 1), ('25 8k manually', 1), ('5minutes example nice', 1), ('8k manually reprocessed', 1), ('able override default', 1), ('able prove hypothesis', 1), ('advance notice possible', 1)]"
18,34,"[{'ngram': '08', 'count': 44}, {'ngram': '2022', 'count': 42}, {'ngram': 'upload', 'count': 42}, {'ngram': 'highres', 'count': 41}, {'ngram': 'xray', 'count': 41}, {'ngram': '18', 'count': 22}, {'ngram': '19', 'count': 14}, {'ngram': 'gsai', 'count': 12}, {'ngram': 'edge', 'count': 11}, {'ngram': 'gs', 'count': 10}]","[{'ngram': '08 2022', 'count': 41}, {'ngram': 'highres upload', 'count': 41}, {'ngram': 'xray highres', 'count': 41}, {'ngram': '18 08', 'count': 22}, {'ngram': 'upload 18', 'count': 22}, {'ngram': '19 08', 'count': 13}, {'ngram': 'upload 19', 'count': 13}, {'ngram': 'gs edge', 'count': 10}, {'ngram': '17 08', 'count': 5}, {'ngram': 'upload 17', 'count': 5}]","[{'ngram': 'xray highres upload', 'count': 41}, {'ngram': '18 08 2022', 'count': 22}, {'ngram': 'highres upload 18', 'count': 22}, {'ngram': 'upload 18 08', 'count': 22}, {'ngram': '19 08 2022', 'count': 13}, {'ngram': 'highres upload 19', 'count': 13}, {'ngram': 'upload 19 08', 'count': 13}, {'ngram': '17 08 2022', 'count': 5}, {'ngram': 'highres upload 17', 'count': 5}, {'ngram': 'upload 17 08', 'count': 5}]","[('08', 44)]","[('08 2022', 41), ('highres upload', 41), ('xray highres', 41)]","[('xray highres upload', 41)]"
19,35,"[{'ngram': 'running', 'count': 13}, {'ngram': 'images', 'count': 11}, {'ngram': 'akshay', 'count': 10}, {'ngram': 'machine', 'count': 10}, {'ngram': 'curtain', 'count': 7}, {'ngram': 'get', 'count': 7}, {'ngram': 'nestle', 'count': 7}, {'ngram': 'right', 'count': 7}, {'ngram': 'vnc', 'count': 7}, {'ngram': 'vpn', 'count': 7}]","[{'ngram': 'better process', 'count': 3}, {'ngram': 'high res', 'count': 3}, {'ngram': 'res images', 'count': 3}, {'ngram': 'ssl vpn', 'count': 3}, {'ngram': 'black images', 'count': 2}, {'ngram': 'can find', 'count': 2}, {'ngram': 'cost effective', 'count': 2}, {'ngram': 'curtain beam', 'count': 2}, {'ngram': 'dt plane', 'count': 2}, {'ngram': 'fixed curtain', 'count': 2}]","[{'ngram': 'getting black images', 'count': 2}, {'ngram': 'high res images', 'count': 2}, {'ngram': '12 count product', 'count': 1}, {'ngram': '12ct pep evening', 'count': 1}, {'ngram': '16 30 utc', 'count': 1}, {'ngram': '16hours worked fine', 'count': 1}, {'ngram': '17 40 utc', 'count': 1}, {'ngram': '1w uzidqko2t_fzyygfbr6ppbegv9rrlesvc5jtptcf4 edit', 'count': 1}, {'ngram': '2000 products reject', 'count': 1}, {'ngram': '24 48 hours', 'count': 1}]","[('running', 13)]","[('better process', 3), ('high res', 3), ('res images', 3), ('ssl vpn', 3)]","[('getting black images', 2), ('high res images', 2)]"
20,36,"[{'ngram': 'c8', 'count': 9}, {'ngram': 'access', 'count': 8}, {'ngram': 'ticket', 'count': 8}, {'ngram': 'get', 'count': 7}, {'ngram': 'please', 'count': 7}, {'ngram': 'correctly', 'count': 6}, {'ngram': 'look', 'count': 6}, {'ngram': 'machine', 'count': 6}, {'ngram': 'need', 'count': 6}, {'ngram': 'nestle', 'count': 6}]","[{'ngram': 'dc sync', 'count': 3}, {'ngram': 'fan board', 'count': 3}, {'ngram': 'imaging correctly', 'count': 3}, {'ngram': 'sync loss', 'count': 3}, {'ngram': 'able remote', 'count': 2}, {'ngram': 'back on', 'count': 2}, {'ngram': 'black images', 'count': 2}, {'ngram': 'black screen', 'count': 2}, {'ngram': 'board noticed', 'count': 2}, {'ngram': 'came loose', 'count': 2}]","[{'ngram': 'dc sync loss', 'count': 3}, {'ngram': 'docs google com', 'count': 2}, {'ngram': 'edit usp sharing', 'count': 2}, {'ngram': 'google com spreadsheets', 'count': 2}, {'ngram': 'https docs google', 'count': 2}, {'ngram': 'pm utc 2022', 'count': 2}, {'ngram': 'seeing black images', 'count': 2}, {'ngram': '02 02 29', 'count': 1}, {'ngram': '02 29 26', 'count': 1}, {'ngram': '05 11 48', 'count': 1}]","[('c8', 9)]","[('dc sync', 3), ('fan board', 3), ('imaging correctly', 3), ('sync loss', 3)]","[('dc sync loss', 3)]"
21,37,"[{'ngram': 'time', 'count': 22}, {'ngram': 'com', 'count': 20}, {'ngram': 'us', 'count': 16}, {'ngram': 'amazonaws', 'count': 15}, {'ngram': 'c9', 'count': 15}, {'ngram': 'it', 'count': 15}, {'ngram': 'east', 'count': 14}, {'ngram': 'nestle', 'count': 12}, {'ngram': 'one', 'count': 12}, {'ngram': 'kinesis', 'count': 11}]","[{'ngram': 'amazonaws com', 'count': 14}, {'ngram': 'east amazonaws', 'count': 14}, {'ngram': 'us east', 'count': 14}, {'ngram': 'kinesis us', 'count': 8}, {'ngram': 'monitoring us', 'count': 6}, {'ngram': 'http kinesis', 'count': 4}, {'ngram': 'c8 right', 'count': 3}, {'ngram': 'com monitoring', 'count': 3}, {'ngram': 'decided open', 'count': 3}, {'ngram': 'helpdesk ticket', 'count': 3}]","[{'ngram': 'east amazonaws com', 'count': 14}, {'ngram': 'us east amazonaws', 'count': 14}, {'ngram': 'kinesis us east', 'count': 8}, {'ngram': 'monitoring us east', 'count': 6}, {'ngram': 'http kinesis us', 'count': 4}, {'ngram': 'amazonaws com monitoring', 'count': 3}, {'ngram': 'com monitoring us', 'count': 3}, {'ngram': 'http monitoring us', 'count': 3}, {'ngram': '15 36 69', 'count': 2}, {'ngram': 'amazonaws com 15', 'count': 2}]","[('time', 22)]","[('amazonaws com', 14), ('east amazonaws', 14), ('us east', 14)]","[('east amazonaws com', 14), ('us east amazonaws', 14)]"
22,38,"[{'ngram': 'machines', 'count': 7}, {'ngram': 'line', 'count': 4}, {'ngram': 'nestle', 'count': 4}, {'ngram': 'rejects', 'count': 4}, {'ngram': 'back', 'count': 3}, {'ngram': 'change', 'count': 3}, {'ngram': 'connected', 'count': 3}, {'ngram': 'control', 'count': 3}, {'ngram': 'get', 'count': 3}, {'ngram': 'inspections', 'count': 3}]","[{'ngram': 'inspections needed', 'count': 2}, {'ngram': 'north line', 'count': 2}, {'ngram': '12 ct', 'count': 1}, {'ngram': '12 pack', 'count': 1}, {'ngram': '24v power', 'count': 1}, {'ngram': 'able change', 'count': 1}, {'ngram': 'accesses machines', 'count': 1}, {'ngram': 'already left', 'count': 1}, {'ngram': 'analytics show', 'count': 1}, {'ngram': 'analyzed tuned', 'count': 1}]","[{'ngram': '12 ct sw', 'count': 1}, {'ngram': '12 pack meatball', 'count': 1}, {'ngram': '24v power supply', 'count': 1}, {'ngram': 'able change next', 'count': 1}, {'ngram': 'accesses machines via', 'count': 1}, {'ngram': 'already left travel', 'count': 1}, {'ngram': 'analytics show product', 'count': 1}, {'ngram': 'analyzed tuned inspections', 'count': 1}, {'ngram': 'anything rejects high', 'count': 1}, {'ngram': 'around traffic blocked', 'count': 1}]","[('machines', 7)]","[('inspections needed', 2), ('north line', 2)]","[('12 ct sw', 1), ('12 pack meatball', 1), ('24v power supply', 1), ('able change next', 1), ('accesses machines via', 1), ('already left travel', 1), ('analytics show product', 1), ('analyzed tuned inspections', 1), ('anything rejects high', 1), ('around traffic blocked', 1)]"
23,39,"[{'ngram': 'c8', 'count': 43}, {'ngram': 'c9', 'count': 36}, {'ngram': 'ui', 'count': 20}, {'ngram': 'data', 'count': 15}, {'ngram': 'see', 'count': 15}, {'ngram': 'amp', 'count': 13}, {'ngram': 'conveyor', 'count': 13}, {'ngram': 'thanks', 'count': 13}, {'ngram': 'yes', 'count': 13}, {'ngram': '10', 'count': 12}]","[{'ngram': 'data set', 'count': 8}, {'ngram': '_colrange end', 'count': 6}, {'ngram': '_colrange start', 'count': 6}, {'ngram': 'amp _colrange', 'count': 6}, {'ngram': 'amp amp', 'count': 6}, {'ngram': 'lt _colrange', 'count': 6}, {'ngram': 'data sets', 'count': 4}, {'ngram': 'restart ui', 'count': 4}, {'ngram': 'set ready', 'count': 4}, {'ngram': '10 134', 'count': 3}]","[{'ngram': 'amp amp _colrange', 'count': 6}, {'ngram': 'data set ready', 'count': 4}, {'ngram': '10 134 234', 'count': 3}, {'ngram': '215 assertion failed', 'count': 3}, {'ngram': '777 error 215', 'count': 3}, {'ngram': '_colrange end amp', 'count': 3}, {'ngram': '_colrange end lt', 'count': 3}, {'ngram': '_colrange start amp', 'count': 3}, {'ngram': '_colrange start lt', 'count': 3}, {'ngram': 'amp _colrange end', 'count': 3}]","[('c8', 43)]","[('data set', 8)]","[('amp amp _colrange', 6)]"
24,40,"[{'ngram': 'c9', 'count': 13}, {'ngram': 'c8', 'count': 12}, {'ngram': 'please', 'count': 10}, {'ngram': 'send', 'count': 10}, {'ngram': 'bolts', 'count': 9}, {'ngram': 'nestle', 'count': 9}, {'ngram': 'thanks', 'count': 9}, {'ngram': 'new', 'count': 8}, {'ngram': 'need', 'count': 7}, {'ngram': 'shoulder', 'count': 7}]","[{'ngram': 'shoulder bolts', 'count': 5}, {'ngram': 'please send', 'count': 4}, {'ngram': 'test cards', 'count': 4}, {'ngram': 'c8 c9', 'count': 3}, {'ngram': 'calibration files', 'count': 3}, {'ngram': 'marc boyd', 'count': 3}, {'ngram': 'new calibration', 'count': 3}, {'ngram': 'recent changes', 'count': 3}, {'ngram': 'test card', 'count': 3}, {'ngram': 'bolts original', 'count': 2}]","[{'ngram': 'bolts original strut', 'count': 2}, {'ngram': 'boyd us nestle', 'count': 2}, {'ngram': 'brain surgery underway', 'count': 2}, {'ngram': 'complete coming back', 'count': 2}, {'ngram': 'marc boyd us', 'count': 2}, {'ngram': 'original strut mount', 'count': 2}, {'ngram': 'shoulder bolts original', 'count': 2}, {'ngram': 'test card results', 'count': 2}, {'ngram': 'transplant complete coming', 'count': 2}, {'ngram': 'us nestle com', 'count': 2}]","[('c9', 13)]","[('shoulder bolts', 5)]","[('bolts original strut', 2), ('boyd us nestle', 2), ('brain surgery underway', 2), ('complete coming back', 2), ('marc boyd us', 2), ('original strut mount', 2), ('shoulder bolts original', 2), ('test card results', 2), ('transplant complete coming', 2), ('us nestle com', 2)]"
25,41,"[{'ngram': 'machine', 'count': 5}, {'ngram': 'release', 'count': 5}, {'ngram': 'cloud', 'count': 4}, {'ngram': 'didn', 'count': 4}, {'ngram': 'morning', 'count': 4}, {'ngram': 'see', 'count': 4}, {'ngram': 'account', 'count': 3}, {'ngram': 'customer', 'count': 3}, {'ngram': 'info', 'count': 3}, {'ngram': 'l5', 'count': 3}]","[{'ngram': 'concrete anchors', 'count': 2}, {'ngram': 'didn get', 'count': 2}, {'ngram': 'install new', 'count': 2}, {'ngram': 'release info', 'count': 2}, {'ngram': 'sept release', 'count': 2}, {'ngram': 'ups account', 'count': 2}, {'ngram': '10 10', 'count': 1}, {'ngram': '10 58am', 'count': 1}, {'ngram': '1f37vb1gf6kavu_djtbavmdvqfs429xdpvhzvchb2qeg edit', 'count': 1}, {'ngram': '30am rejecting', 'count': 1}]","[{'ngram': '10 10 58am', 'count': 1}, {'ngram': '1f37vb1gf6kavu_djtbavmdvqfs429xdpvhzvchb2qeg edit gid', 'count': 1}, {'ngram': '30am rejecting little', 'count': 1}, {'ngram': '788658230 it testing', 'count': 1}, {'ngram': 'account 788658230 it', 'count': 1}, {'ngram': 'account x9613y fedex', 'count': 1}, {'ngram': 'added page overall', 'count': 1}, {'ngram': 'additional products helpful', 'count': 1}, {'ngram': 'agreed think machine', 'count': 1}, {'ngram': 'agreed whatever do', 'count': 1}]","[('machine', 5), ('release', 5)]","[('concrete anchors', 2), ('didn get', 2), ('install new', 2), ('release info', 2), ('sept release', 2), ('ups account', 2)]","[('10 10 58am', 1), ('1f37vb1gf6kavu_djtbavmdvqfs429xdpvhzvchb2qeg edit gid', 1), ('30am rejecting little', 1), ('788658230 it testing', 1), ('account 788658230 it', 1), ('account x9613y fedex', 1), ('added page overall', 1), ('additional products helpful', 1), ('agreed think machine', 1), ('agreed whatever do', 1)]"
26,42,"[{'ngram': 'like', 'count': 7}, {'ngram': 'box', 'count': 6}, {'ngram': 'get', 'count': 6}, {'ngram': 'images', 'count': 6}, {'ngram': '10', 'count': 5}, {'ngram': 'nestle', 'count': 5}, {'ngram': '2022', 'count': 4}, {'ngram': 'getting', 'count': 4}, {'ngram': 'hot', 'count': 4}, {'ngram': 'image', 'count': 4}]","[{'ngram': 'hot pockets', 'count': 4}, {'ngram': 'carton sealer', 'count': 3}, {'ngram': 'double images', 'count': 3}, {'ngram': '20 packs', 'count': 2}, {'ngram': 'code change', 'count': 2}, {'ngram': 'dark region', 'count': 2}, {'ngram': 'diagonal boxes', 'count': 2}, {'ngram': 'getting double', 'count': 2}, {'ngram': 'next package', 'count': 2}, {'ngram': 'pepp pizza', 'count': 2}]","[{'ngram': 'getting double images', 'count': 2}, {'ngram': 'pk pepp pizza', 'count': 2}, {'ngram': '10 17 2022', 'count': 1}, {'ngram': '10 18 2022', 'count': 1}, {'ngram': '10 19 1am', 'count': 1}, {'ngram': '10 2010 31', 'count': 1}, {'ngram': '10 24 2022', 'count': 1}, {'ngram': '11007858 12 pk', 'count': 1}, {'ngram': '12 20 packs', 'count': 1}, {'ngram': '12 pk pepp', 'count': 1}]","[('like', 7)]","[('hot pockets', 4)]","[('getting double images', 2), ('pk pepp pizza', 2)]"
27,43,"[{'ngram': 'c9', 'count': 43}, {'ngram': 'c8', 'count': 33}, {'ngram': 'black', 'count': 30}, {'ngram': 'image', 'count': 24}, {'ngram': 'line', 'count': 20}, {'ngram': 'running', 'count': 20}, {'ngram': 'screen', 'count': 19}, {'ngram': 'issue', 'count': 18}, {'ngram': 'images', 'count': 17}, {'ngram': 'ray', 'count': 17}]","[{'ngram': 'black image', 'count': 10}, {'ngram': 'sync loss', 'count': 10}, {'ngram': 'dc sync', 'count': 9}, {'ngram': '20 pack', 'count': 8}, {'ngram': 'loss issue', 'count': 8}, {'ngram': 'black images', 'count': 7}, {'ngram': 'black screen', 'count': 7}, {'ngram': 'image screen', 'count': 6}, {'ngram': 'line ground', 'count': 6}, {'ngram': '17 pack', 'count': 5}]","[{'ngram': 'dc sync loss', 'count': 9}, {'ngram': 'sync loss issue', 'count': 8}, {'ngram': '118 line ground', 'count': 4}, {'ngram': 'black image screen', 'count': 4}, {'ngram': 'issue less 30', 'count': 4}, {'ngram': 'less 30 minutes', 'count': 4}, {'ngram': 'loss issue less', 'count': 4}, {'ngram': '24 11 vdc', 'count': 3}, {'ngram': 'pm utc 2022', 'count': 3}, {'ngram': '20 pack product', 'count': 2}]","[('c9', 43)]","[('black image', 10), ('sync loss', 10)]","[('dc sync loss', 9)]"
28,44,"[{'ngram': 'file', 'count': 37}, {'ngram': 'calibration', 'count': 35}, {'ngram': 'desync', 'count': 34}, {'ngram': 'one', 'count': 32}, {'ngram': 'process', 'count': 32}, {'ngram': 'cpu', 'count': 28}, {'ngram': 'dcr', 'count': 28}, {'ngram': 'that', 'count': 24}, {'ngram': 'time', 'count': 24}, {'ngram': 'core', 'count': 23}]","[{'ngram': 'calibration file', 'count': 22}, {'ngram': 'one core', 'count': 10}, {'ngram': '17 pack', 'count': 8}, {'ngram': 'cal file', 'count': 8}, {'ngram': 'high res', 'count': 6}, {'ngram': '12 ct', 'count': 5}, {'ngram': '12 pack', 'count': 5}, {'ngram': 'calibration files', 'count': 5}, {'ngram': 'cpu usage', 'count': 5}, {'ngram': 'main thread', 'count': 5}]","[{'ngram': '12 ct nov', 'count': 3}, {'ngram': 'dcr log file', 'count': 3}, {'ngram': 'gs edge cv', 'count': 3}, {'ngram': 'pizza 12 ct', 'count': 3}, {'ngram': '11007858 pepp pizza', 'count': 2}, {'ngram': '12 pack calibration', 'count': 2}, {'ngram': '17 pack cal', 'count': 2}, {'ngram': 'able reproduce desync', 'count': 2}, {'ngram': 'calibration file old', 'count': 2}, {'ngram': 'carrera calibration file', 'count': 2}]","[('file', 37)]","[('calibration file', 22)]","[('12 ct nov', 3), ('dcr log file', 3), ('gs edge cv', 3), ('pizza 12 ct', 3)]"
29,45,"[{'ngram': '12', 'count': 11}, {'ngram': 'nestle', 'count': 11}, {'ngram': 'days', 'count': 7}, {'ngram': 'pack', 'count': 7}, {'ngram': 'running', 'count': 6}, {'ngram': 'week', 'count': 6}, {'ngram': 'bigger', 'count': 5}, {'ngram': 'can', 'count': 5}, {'ngram': 'data', 'count': 5}, {'ngram': 'donna', 'count': 5}]","[{'ngram': '12 pack', 'count': 6}, {'ngram': 'big 12', 'count': 3}, {'ngram': 'next week', 'count': 3}, {'ngram': '08 10', 'count': 2}, {'ngram': '12 count', 'count': 2}, {'ngram': '12 packs', 'count': 2}, {'ngram': 'can find', 'count': 2}, {'ngram': 'compliance images', 'count': 2}, {'ngram': 'last days', 'count': 2}, {'ngram': 'looks like', 'count': 2}]","[{'ngram': 'big 12 pack', 'count': 2}, {'ngram': 'nestle machines reachable', 'count': 2}, {'ngram': 'nov 08 10', 'count': 2}, {'ngram': 'pm utc 2022', 'count': 2}, {'ngram': 'start tue nov', 'count': 2}, {'ngram': 'started start tue', 'count': 2}, {'ngram': 'syncloss started start', 'count': 2}, {'ngram': 'tue nov 08', 'count': 2}, {'ngram': '04 08 494', 'count': 1}, {'ngram': '04 160 pm', 'count': 1}]","[('12', 11), ('nestle', 11)]","[('12 pack', 6)]","[('big 12 pack', 2), ('nestle machines reachable', 2), ('nov 08 10', 2), ('pm utc 2022', 2), ('start tue nov', 2), ('started start tue', 2), ('syncloss started start', 2), ('tue nov 08', 2)]"
30,46,"[{'ngram': '12', 'count': 1}, {'ngram': 'bad', 'count': 1}, {'ngram': 'black', 'count': 1}, {'ngram': 'can', 'count': 1}, {'ngram': 'count', 'count': 1}, {'ngram': 'detector', 'count': 1}, {'ngram': 'fix', 'count': 1}, {'ngram': 'high', 'count': 1}, {'ngram': 'hopefully', 'count': 1}, {'ngram': 'maintenance', 'count': 1}]","[{'ngram': '12 count', 'count': 1}, {'ngram': 'bad sotware', 'count': 1}, {'ngram': 'black screen', 'count': 1}, {'ngram': 'can sense', 'count': 1}, {'ngram': 'count pepperoni', 'count': 1}, {'ngram': 'detector own', 'count': 1}, {'ngram': 'fix hopefully', 'count': 1}, {'ngram': 'high maintenance', 'count': 1}, {'ngram': 'hopefully week', 'count': 1}, {'ngram': 'maintenance bad', 'count': 1}]","[{'ngram': '12 count pepperoni', 'count': 1}, {'ngram': 'bad sotware can', 'count': 1}, {'ngram': 'black screen send', 'count': 1}, {'ngram': 'can sense black', 'count': 1}, {'ngram': 'detector own still', 'count': 1}, {'ngram': 'fix hopefully week', 'count': 1}, {'ngram': 'high maintenance bad', 'count': 1}, {'ngram': 'maintenance bad sotware', 'count': 1}, {'ngram': 'own still 12', 'count': 1}, {'ngram': 'resync signal detector', 'count': 1}]","[('12', 1), ('bad', 1), ('black', 1), ('can', 1), ('count', 1), ('detector', 1), ('fix', 1), ('high', 1), ('hopefully', 1), ('maintenance', 1)]","[('12 count', 1), ('bad sotware', 1), ('black screen', 1), ('can sense', 1), ('count pepperoni', 1), ('detector own', 1), ('fix hopefully', 1), ('high maintenance', 1), ('hopefully week', 1), ('maintenance bad', 1)]","[('12 count pepperoni', 1), ('bad sotware can', 1), ('black screen send', 1), ('can sense black', 1), ('detector own still', 1), ('fix hopefully week', 1), ('high maintenance bad', 1), ('maintenance bad sotware', 1), ('own still 12', 1), ('resync signal detector', 1)]"
31,47,"[{'ngram': '10', 'count': 2}, {'ngram': 'data', 'count': 2}, {'ngram': 'wc', 'count': 2}, {'ngram': '0mm', 'count': 1}, {'ngram': 'collected', 'count': 1}, {'ngram': 'completing', 'count': 1}, {'ngram': 'contams', 'count': 1}, {'ngram': 'detected', 'count': 1}, {'ngram': 'drive', 'count': 1}, {'ngram': 'fm', 'count': 1}]","[{'ngram': '0mm 10', 'count': 1}, {'ngram': '10 10', 'count': 1}, {'ngram': '10 machines', 'count': 1}, {'ngram': 'collected full', 'count': 1}, {'ngram': 'completing testing', 'count': 1}, {'ngram': 'data report', 'count': 1}, {'ngram': 'data set', 'count': 1}, {'ngram': 'detected 0mm', 'count': 1}, {'ngram': 'drive completing', 'count': 1}, {'ngram': 'fm data', 'count': 1}]","[{'ngram': '0mm 10 10', 'count': 1}, {'ngram': '10 10 machines', 'count': 1}, {'ngram': 'collected full fm', 'count': 1}, {'ngram': 'completing testing needed', 'count': 1}, {'ngram': 'data report next', 'count': 1}, {'ngram': 'data set contams', 'count': 1}, {'ngram': 'detected 0mm 10', 'count': 1}, {'ngram': 'drive completing testing', 'count': 1}, {'ngram': 'fm data set', 'count': 1}, {'ngram': 'full fm data', 'count': 1}]","[('10', 2), ('data', 2), ('wc', 2)]","[('0mm 10', 1), ('10 10', 1), ('10 machines', 1), ('collected full', 1), ('completing testing', 1), ('data report', 1), ('data set', 1), ('detected 0mm', 1), ('drive completing', 1), ('fm data', 1)]","[('0mm 10 10', 1), ('10 10 machines', 1), ('collected full fm', 1), ('completing testing needed', 1), ('data report next', 1), ('data set contams', 1), ('detected 0mm 10', 1), ('drive completing testing', 1), ('fm data set', 1), ('full fm data', 1)]"
32,48,"[{'ngram': '12', 'count': 3}, {'ngram': 'cloud', 'count': 3}, {'ngram': 'data', 'count': 3}, {'ngram': 'bug', 'count': 2}, {'ngram': 'fyi', 'count': 2}, {'ngram': 'got', 'count': 2}, {'ngram': 'machines', 'count': 2}, {'ngram': 'pepperoni', 'count': 2}, {'ngram': 'release', 'count': 2}, {'ngram': 'smile', 'count': 2}]","[{'ngram': 'data cloud', 'count': 2}, {'ngram': '12 12', 'count': 1}, {'ngram': '12 ct', 'count': 1}, {'ngram': '12 pack', 'count': 1}, {'ngram': '30 9ish', 'count': 1}, {'ngram': '9ish issues', 'count': 1}, {'ngram': 'active cv', 'count': 1}, {'ngram': 'albi already', 'count': 1}, {'ngram': 'already fixed', 'count': 1}, {'ngram': 'are 12', 'count': 1}]","[{'ngram': '12 12 ct', 'count': 1}, {'ngram': '12 ct pepperoni', 'count': 1}, {'ngram': '12 pack pepperoni', 'count': 1}, {'ngram': '30 9ish issues', 'count': 1}, {'ngram': '9ish issues line', 'count': 1}, {'ngram': 'active cv sending', 'count': 1}, {'ngram': 'albi already fixed', 'count': 1}, {'ngram': 'already fixed it', 'count': 1}, {'ngram': 'are 12 pack', 'count': 1}, {'ngram': 'around 30 9ish', 'count': 1}]","[('12', 3), ('cloud', 3), ('data', 3)]","[('data cloud', 2)]","[('12 12 ct', 1), ('12 ct pepperoni', 1), ('12 pack pepperoni', 1), ('30 9ish issues', 1), ('9ish issues line', 1), ('active cv sending', 1), ('albi already fixed', 1), ('already fixed it', 1), ('are 12 pack', 1), ('around 30 9ish', 1)]"
33,49,"[{'ngram': 'reject', 'count': 7}, {'ngram': '12', 'count': 6}, {'ngram': 'back', 'count': 6}, {'ngram': 'release', 'count': 6}, {'ngram': 'testing', 'count': 6}, {'ngram': 'nov', 'count': 5}, {'ngram': 'ran', 'count': 5}, {'ngram': 'pack', 'count': 4}, {'ngram': 'red', 'count': 4}, {'ngram': 'branch', 'count': 3}]","[{'ngram': 'nov release', 'count': 5}, {'ngram': '12 count', 'count': 3}, {'ngram': '12 pack', 'count': 3}, {'ngram': '11 30', 'count': 2}, {'ngram': '30 22', 'count': 2}, {'ngram': 'back through', 'count': 2}, {'ngram': 'gsai cards', 'count': 2}, {'ngram': 'hot pocket', 'count': 2}, {'ngram': 'red reject', 'count': 2}, {'ngram': 'reject occurred', 'count': 2}]","[{'ngram': '11 30 22', 'count': 2}, {'ngram': 'testing 11 30', 'count': 2}, {'ngram': '1100 est machine', 'count': 1}, {'ngram': '12 count back', 'count': 1}, {'ngram': '12 count box', 'count': 1}, {'ngram': '12 count pepperoni', 'count': 1}, {'ngram': '12 pack pep', 'count': 1}, {'ngram': '12 pack pepperoni', 'count': 1}, {'ngram': '12 pack testing', 'count': 1}, {'ngram': '22 gsai cards', 'count': 1}]","[('reject', 7)]","[('nov release', 5)]","[('11 30 22', 2), ('testing 11 30', 2)]"
34,50,"[{'ngram': 'pepperoni', 'count': 5}, {'ngram': 'running', 'count': 5}, {'ngram': 'today', 'count': 4}, {'ngram': '12pk', 'count': 3}, {'ngram': 'calibration', 'count': 3}, {'ngram': 'file', 'count': 3}, {'ngram': 'test', 'count': 3}, {'ngram': '4c', 'count': 2}, {'ngram': 'back', 'count': 2}, {'ngram': 'cheese', 'count': 2}]","[{'ngram': '12pk pepperoni', 'count': 3}, {'ngram': 'calibration file', 'count': 3}, {'ngram': 'ct product', 'count': 2}, {'ngram': 'good news', 'count': 2}, {'ngram': '17 ct', 'count': 1}, {'ngram': '20 ct', 'count': 1}, {'ngram': '2023 begin', 'count': 1}, {'ngram': '20ct pepperoni', 'count': 1}, {'ngram': '4c c8', 'count': 1}, {'ngram': 'acceptance today', 'count': 1}]","[{'ngram': '12pk pepperoni calibration', 'count': 1}, {'ngram': '12pk pepperoni performed', 'count': 1}, {'ngram': '12pk pepperoni today', 'count': 1}, {'ngram': '17 ct product', 'count': 1}, {'ngram': '20 ct product', 'count': 1}, {'ngram': '2023 begin tuesday', 'count': 1}, {'ngram': '4c c8 line', 'count': 1}, {'ngram': 'acceptance today two', 'count': 1}, {'ngram': 'addition reported running', 'count': 1}, {'ngram': 'again post minutes', 'count': 1}]","[('pepperoni', 5), ('running', 5)]","[('12pk pepperoni', 3), ('calibration file', 3)]","[('12pk pepperoni calibration', 1), ('12pk pepperoni performed', 1), ('12pk pepperoni today', 1), ('17 ct product', 1), ('20 ct product', 1), ('2023 begin tuesday', 1), ('4c c8 line', 1), ('acceptance today two', 1), ('addition reported running', 1), ('again post minutes', 1)]"
35,51,"[{'ngram': 'ahead', 'count': 2}, {'ngram': 'line', 'count': 2}, {'ngram': 'schedule', 'count': 2}, {'ngram': '23', 'count': 1}, {'ngram': 'day', 'count': 1}, {'ngram': 'december', 'count': 1}, {'ngram': 'follows', 'count': 1}, {'ngram': 'fyi', 'count': 1}, {'ngram': 'getting', 'count': 1}, {'ngram': 'gina', 'count': 1}]","[{'ngram': '23 start', 'count': 1}, {'ngram': 'ahead past', 'count': 1}, {'ngram': 'ahead production', 'count': 1}, {'ngram': 'day ahead', 'count': 1}, {'ngram': 'december 23', 'count': 1}, {'ngram': 'follows line', 'count': 1}, {'ngram': 'fyi nestle', 'count': 1}, {'ngram': 'getting line', 'count': 1}, {'ngram': 'gina schedule', 'count': 1}, {'ngram': 'going long', 'count': 1}]","[{'ngram': '23 start january', 'count': 1}, {'ngram': 'ahead past issues', 'count': 1}, {'ngram': 'day ahead production', 'count': 1}, {'ngram': 'december 23 start', 'count': 1}, {'ngram': 'follows line shut', 'count': 1}, {'ngram': 'fyi nestle holiday', 'count': 1}, {'ngram': 'getting line going', 'count': 1}, {'ngram': 'gina schedule there', 'count': 1}, {'ngram': 'going long shutdown', 'count': 1}, {'ngram': 'holiday schedule follows', 'count': 1}]","[('ahead', 2), ('line', 2), ('schedule', 2)]","[('23 start', 1), ('ahead past', 1), ('ahead production', 1), ('day ahead', 1), ('december 23', 1), ('follows line', 1), ('fyi nestle', 1), ('getting line', 1), ('gina schedule', 1), ('going long', 1)]","[('23 start january', 1), ('ahead past issues', 1), ('day ahead production', 1), ('december 23 start', 1), ('follows line shut', 1), ('fyi nestle holiday', 1), ('getting line going', 1), ('gina schedule there', 1), ('going long shutdown', 1), ('holiday schedule follows', 1)]"
